country;code;numeric;name
AF;AFN;971;Afghani
AL;ALL;008;Lek
DZ;DZD;012;Algerian Dinar
AS;USD;840;US Dollar
AD;EUR;978;Euro
AO;AOA;973;Kwanza
AI;XCD;951;East Caribbean Dollar
AQ;;;No universal currency
AG;XCD;951;East Caribbean Dollar
AR;ARS;032;Argentine Peso
AM;AMD;051;Armenian Dram
AW;AWG;533;Aruban Florin
AU;AUD;036;Australian Dollar
AT;EUR;978;Euro
AZ;AZN;944;Azerbaijan Manat
BS;BSD;044;Bahamian Dollar
BH;BHD;048;Bahraini Dinar
BD;BDT;050;Taka
BB;BBD;052;Barbados Dollar
BY;BYN;933;Belarusian Ruble
BE;EUR;978;Euro
BZ;BZD;084;Belize Dollar
BJ;XOF;952;CFA Franc BCEAO
BM;BMD;060;Bermudian Dollar
BT;INR;356;Indian Rupee
BO;BOB;068;Boliviano
BQ;USD;840;US Dollar
BA;BAM;977;Convertible Mark
BW;BWP;072;Pula
BV;NOK;578;Norwegian Krone
BR;BRL;986;Brazilian Real
IO;USD;840;US Dollar
BN;BND;096;Brunei Dollar
BG;BGN;975;Bulgarian Lev
BF;XOF;952;CFA Franc BCEAO
BI;BIF;108;Burundi Franc
CV;CVE;132;Cabo Verde Escudo
KH;KHR;116;Riel
CM;XAF;950;CFA Franc BEAC
CA;CAD;124;Canadian Dollar
KY;KYD;136;Cayman Islands Dollar
CF;XAF;950;CFA Franc BEAC
TD;XAF;950;CFA Franc BEAC
CL;CLP;152;Chilean Peso
CN;CNY;156;Yuan Renminbi
CX;AUD;036;Australian Dollar
CC;AUD;036;Australian Dollar
CO;COP;170;Colombian Peso
KM;KMF;174;Comorian Franc
CD;CDF;976;Congolese Franc
CG;XAF;950;CFA Franc BEAC
CK;NZD;554;New Zealand Dollar
CR;CRC;188;Costa Rican Colon
CI;XOF;952;CFA Franc BCEAO
HR;HRK;191;Croatian Kuna
CU;CUP;192;Cuban Peso
CW;ANG;532;Netherlands Antillean Guilder
CY;EUR;978;Euro
CZ;CZK;203;Czech Koruna
DK;DKK;208;Danish Krone
DJ;DJF;262;Djiboutian Franc
DM;XCD;951;East Caribbean Dollar
DO;DOP;214;Dominican Peso
EC;USD;840;US Dollar
EG;EGP;818;Egyptian Pound
SV;USD;840;US Dollar
GQ;XAF;950;CFA Franc BEAC
ER;ERN;232;Eritrean Nakfa
EE;EUR;978;Euro
SZ;SZL;748;Lilangeni
ET;ETB;230;Ethiopian Birr
FK;FKP;238;Falkland Islands Pound
FO;DKK;208;Danish Krone
FJ;FJD;242;Fiji Dollar
FI;EUR;978;Euro
FR;EUR;978;Euro
GF;EUR;978;Euro
PF;XPF;953;CFP Franc
TF;EUR;978;Euro
GA;XAF;950;CFA Franc BEAC
GM;GMD;270;Dalasi
GE;GEL;981;Lari
DE;EUR;978;Euro
GH;GHS;936;Ghana Cedi
GI;GIP;292;Gibraltar Pound
GR;EUR;978;Euro
GL;DKK;208;Danish Krone
GD;XCD;951;East Caribbean Dollar
GP;EUR;978;Euro
GU;USD;840;US Dollar
GT;GTQ;320;Quetzal
GG;GBP;826;Pound Sterling
GN;GNF;324;Guinean Franc
GW;XOF;952;CFA Franc BCEAO
GY;GYD;328;Guyana Dollar
HT;HTG;332;Gourde
HM;AUD;036;Australian Dollar
VA;EUR;978;Euro
HN;HNL;340;Lempira
HK;HKD;344;Hong Kong Dollar
HU;HUF;348;Forint
IS;ISK;352;Iceland Krona
IN;INR;356;Indian Rupee
ID;IDR;360;Rupiah
IR;IRR;364;Iranian Rial
IQ;IQD;368;Iraqi Dinar
IE;EUR;978;Euro
IM;GBP;826;Pound Sterling
IL;ILS;376;New Israeli Sheqel
IT;EUR;978;Euro
JM;JMD;388;Jamaican Dollar
JP;JPY;392;Yen
JE;GBP;826;Pound Sterling
JO;JOD;400;Jordanian Dinar
KZ;KZT;398;Tenge
KE;KES;404;Kenyan Shilling
KI;AUD;036;Australian Dollar
KP;KPW;408;North Korean Won
KR;KRW;410;Won
KW;KWD;414;Kuwaiti Dinar
KG;KGS;417;Som
LA;LAK;418;Kip
LV;EUR;978;Euro
LB;LBP;422;Lebanese Pound
LS;LSL;426;Loti
LR;LRD;430;Liberian Dollar
LY;LYD;434;Libyan Dinar
LI;CHF;756;Swiss Franc
LT;EUR;978;Euro
LU;EUR;978;Euro
MO;MOP;446;Pataca
MG;MGA;969;Malagasy Ariary
MW;MWK;454;Malawi Kwacha
MY;MYR;458;Malaysian Ringgit
MV;MVR;462;Rufiyaa
ML;XOF;952;CFA Franc BCEAO
MT;EUR;978;Euro
MH;USD;840;US Dollar
MQ;EUR;978;Euro
MR;MRU;929;Ouguiya
MU;MUR;480;Mauritius Rupee
YT;EUR;978;Euro
MX;MXN;484;Mexican Peso
FM;USD;840;US Dollar
MD;MDL;498;Moldovan Leu
MC;EUR;978;Euro
MN;MNT;496;Tugrik
ME;EUR;978;Euro
MS;XCD;951;East Caribbean Dollar
MA;MAD;504;Moroccan Dirham
MZ;MZN;943;Mozambique Metical
MM;MMK;104;Kyat
NA;NAD;516;Namibia Dollar
NR;AUD;036;Australian Dollar
NP;NPR;524;Nepalese Rupee
NL;EUR;978;Euro
NC;XPF;953;CFP Franc
NZ;NZD;554;New Zealand Dollar
NI;NIO;558;Cordoba Oro
NE;XOF;952;CFA Franc BCEAO
NG;NGN;566;Naira
NU;NZD;554;New Zealand Dollar
NF;AUD;036;Australian Dollar
MK;MKD;807;Denar
MP;USD;840;US Dollar
NO;NOK;578;Norwegian Krone
OM;OMR;512;Rial Omani
PK;PKR;586;Pakistan Rupee
PW;USD;840;US Dollar
PS;ILS;376;New Israeli Sheqel
PA;PAB;590;Balboa
PG;PGK;598;Kina
PY;PYG;600;Guarani
PE;PEN;604;Sol
PH;PHP;608;Philippine Peso
PN;NZD;554;New Zealand Dollar
PL;PLN;985;Zloty
PT;EUR;978;Euro
PR;USD;840;US Dollar
QA;QAR;634;Qatari Rial
RE;EUR;978;Euro
RO;RON;946;Romanian Leu
RU;RUB;643;Russian Ruble
RW;RWF;646;Rwanda Franc
BL;EUR;978;Euro
SH;SHP;654;Saint Helena Pound
KN;XCD;951;East Caribbean Dollar
LC;XCD;951;East Caribbean Dollar
MF;EUR;978;Euro
PM;EUR;978;Euro
VC;XCD;951;East Caribbean Dollar
WS;WST;882;Tala
SM;EUR;978;Euro
ST;STN;930;Dobra
SA;SAR;682;Saudi Riyal
SN;XOF;952;CFA Franc BCEAO
RS;RSD;941;Serbian Dinar
SC;SCR;690;Seychelles Rupee
SL;SLL;694;Leone
SG;SGD;702;Singapore Dollar
SX;ANG;532;Netherlands Antillean Guilder
SK;EUR;978;Euro
SI;EUR;978;Euro
SB;SBD;090;Solomon Islands Dollar
SO;SOS;706;Somali Shilling
ZA;ZAR;710;Rand
GS;GBP;826;Pound Sterling
